,slide,features,patches
0,A5A66FAB-EED2-48A6-B92D-41A4E2195FEA,/home/p163v/histopathology/UKHD_Neuro/RetCLL_Features/A5A66FAB-EED2-48A6-B92D-41A4E2195FEA.h5,9114
1,60A39563-18D4-4A56-8BEB-B36B877485A7,/home/p163v/histopathology/UKHD_Neuro/RetCLL_Features/60A39563-18D4-4A56-8BEB-B36B877485A7.h5,4625
2,E6A80773-6C75-43A8-B7BD-F12EF69BE061,/home/p163v/histopathology/UKHD_Neuro/RetCLL_Features/E6A80773-6C75-43A8-B7BD-F12EF69BE061.h5,4885
3,F357E221-34A7-4842-9409-61FB9103C0FC,/home/p163v/histopathology/UKHD_Neuro/RetCLL_Features/F357E221-34A7-4842-9409-61FB9103C0FC.h5,2757
4,D074572C-1A89-44D7-AB93-095284685DF0,/home/p163v/histopathology/UKHD_Neuro/RetCLL_Features/D074572C-1A89-44D7-AB93-095284685DF0.h5,712
5,692D7722-151F-4095-885C-9AF03B5D4673,/home/p163v/histopathology/UKHD_Neuro/RetCLL_Features/692D7722-151F-4095-885C-9AF03B5D4673.h5,7536
6,3F6DAC57-2FAF-48A1-B397-82E097D20407,/home/p163v/histopathology/UKHD_Neuro/RetCLL_Features/3F6DAC57-2FAF-48A1-B397-82E097D20407.h5,1636
7,77A2386C-AF24-406B-AD37-6E81B277C264,/home/p163v/histopathology/UKHD_Neuro/RetCLL_Features/77A2386C-AF24-406B-AD37-6E81B277C264.h5,2275
8,CB4E62D2-8ED5-444F-8FCE-23E550D97762,/home/p163v/histopathology/UKHD_Neuro/RetCLL_Features/CB4E62D2-8ED5-444F-8FCE-23E550D97762.h5,3231
9,62803854-51FD-4931-8772-6A3258939091,/home/p163v/histopathology/UKHD_Neuro/RetCLL_Features/62803854-51FD-4931-8772-6A3258939091.h5,1113
10,52BE2238-6732-4073-B093-B08DB794EFF2,/home/p163v/histopathology/UKHD_Neuro/RetCLL_Features/52BE2238-6732-4073-B093-B08DB794EFF2.h5,991
11,62270C01-B629-46AA-A524-D1689116B87E,/home/p163v/histopathology/UKHD_Neuro/RetCLL_Features/62270C01-B629-46AA-A524-D1689116B87E.h5,6825
12,2BC914F6-078B-4B65-A825-EF1019654BC9,/home/p163v/histopathology/UKHD_Neuro/RetCLL_Features/2BC914F6-078B-4B65-A825-EF1019654BC9.h5,1932
13,A082A888-6A8B-4173-8212-D496D99748A7,/home/p163v/histopathology/UKHD_Neuro/RetCLL_Features/A082A888-6A8B-4173-8212-D496D99748A7.h5,1202
14,446151D5-82D4-402E-B846-0DA1E383BC12,/home/p163v/histopathology/UKHD_Neuro/RetCLL_Features/446151D5-82D4-402E-B846-0DA1E383BC12.h5,7580
15,6AEC3365-49B9-4A82-A0C1-14AAFECE88F8,/home/p163v/histopathology/UKHD_Neuro/RetCLL_Features/6AEC3365-49B9-4A82-A0C1-14AAFECE88F8.h5,1068
16,AC5395D3-AD97-4A41-BA89-6323559283A1,/home/p163v/histopathology/UKHD_Neuro/RetCLL_Features/AC5395D3-AD97-4A41-BA89-6323559283A1.h5,6674
17,0BC407D9-AEA1-4AEB-AE28-11CB9CEF390E,/home/p163v/histopathology/UKHD_Neuro/RetCLL_Features/0BC407D9-AEA1-4AEB-AE28-11CB9CEF390E.h5,7678
18,D976E7A6-84BD-4D88-86A4-FD4A591C38F8,/home/p163v/histopathology/UKHD_Neuro/RetCLL_Features/D976E7A6-84BD-4D88-86A4-FD4A591C38F8.h5,11184
19,6DE4695E-CC5E-4CA1-BDB2-D5484638F35D,/home/p163v/histopathology/UKHD_Neuro/RetCLL_Features/6DE4695E-CC5E-4CA1-BDB2-D5484638F35D.h5,7235
20,DA5C7945-0878-472B-8F64-30AB775793BD,/home/p163v/histopathology/UKHD_Neuro/RetCLL_Features/DA5C7945-0878-472B-8F64-30AB775793BD.h5,4646
21,2E5F5223-7656-4323-AF00-9D268012D530,/home/p163v/histopathology/UKHD_Neuro/RetCLL_Features/2E5F5223-7656-4323-AF00-9D268012D530.h5,2220
22,71E4589D-824B-498D-AE03-95CBD63AB69D,/home/p163v/histopathology/UKHD_Neuro/RetCLL_Features/71E4589D-824B-498D-AE03-95CBD63AB69D.h5,4807
23,DCE449DD-E80E-4113-BD5B-966CB6200B9B,/home/p163v/histopathology/UKHD_Neuro/RetCLL_Features/DCE449DD-E80E-4113-BD5B-966CB6200B9B.h5,937
24,E747A5BC-7B6A-4A6F-9890-8A7411BF8228,/home/p163v/histopathology/UKHD_Neuro/RetCLL_Features/E747A5BC-7B6A-4A6F-9890-8A7411BF8228.h5,2382
25,0338F7F5-9315-4FE0-88AD-BAFE8DBC98DA,/home/p163v/histopathology/UKHD_Neuro/RetCLL_Features/0338F7F5-9315-4FE0-88AD-BAFE8DBC98DA.h5,5711
26,4C83D422-9DC5-4E3A-A120-6E2DEB47D553,/home/p163v/histopathology/UKHD_Neuro/RetCLL_Features/4C83D422-9DC5-4E3A-A120-6E2DEB47D553.h5,7115
27,381DF416-8A35-46CA-8B6D-EA194311B86E,/home/p163v/histopathology/UKHD_Neuro/RetCLL_Features/381DF416-8A35-46CA-8B6D-EA194311B86E.h5,4076
28,58C7F724-651E-48FA-B50C-EE03DF529306,/home/p163v/histopathology/UKHD_Neuro/RetCLL_Features/58C7F724-651E-48FA-B50C-EE03DF529306.h5,1119
29,AA54CA80-48EA-450E-A8DC-DBC54834758C,/home/p163v/histopathology/UKHD_Neuro/RetCLL_Features/AA54CA80-48EA-450E-A8DC-DBC54834758C.h5,493
30,A165D5DC-323A-4EDB-A08C-6F8E2EA6F8A8,/home/p163v/histopathology/UKHD_Neuro/RetCLL_Features/A165D5DC-323A-4EDB-A08C-6F8E2EA6F8A8.h5,11431
31,4884DEB7-97E3-437B-A136-2E6BFA032B2E,/home/p163v/histopathology/UKHD_Neuro/RetCLL_Features/4884DEB7-97E3-437B-A136-2E6BFA032B2E.h5,2011
32,1EA510B5-2107-46A1-A68F-18440CB2133A,/home/p163v/histopathology/UKHD_Neuro/RetCLL_Features/1EA510B5-2107-46A1-A68F-18440CB2133A.h5,1690
33,3DA60281-C3A8-481C-AB58-B3F18E60CDB0,/home/p163v/histopathology/UKHD_Neuro/RetCLL_Features/3DA60281-C3A8-481C-AB58-B3F18E60CDB0.h5,362
34,E05CE3CF-8733-41A0-9D0C-4280483F26A1,/home/p163v/histopathology/UKHD_Neuro/RetCLL_Features/E05CE3CF-8733-41A0-9D0C-4280483F26A1.h5,2374
35,860BD1A0-41B3-4688-B858-FD003C4FE09F,/home/p163v/histopathology/UKHD_Neuro/RetCLL_Features/860BD1A0-41B3-4688-B858-FD003C4FE09F.h5,753
36,0683C0B0-95EB-4A17-954C-890A73B06DB0,/home/p163v/histopathology/UKHD_Neuro/RetCLL_Features/0683C0B0-95EB-4A17-954C-890A73B06DB0.h5,8806
37,95B5A1C2-053D-4955-B290-CA8392DEA406,/home/p163v/histopathology/UKHD_Neuro/RetCLL_Features/95B5A1C2-053D-4955-B290-CA8392DEA406.h5,3494
38,287B2891-1F77-4E61-ADF2-4F0914F603C6,/home/p163v/histopathology/UKHD_Neuro/RetCLL_Features/287B2891-1F77-4E61-ADF2-4F0914F603C6.h5,6201
39,A5F3099F-465D-440C-A81D-B768AB78574C,/home/p163v/histopathology/UKHD_Neuro/RetCLL_Features/A5F3099F-465D-440C-A81D-B768AB78574C.h5,2511
40,AD761B99-472B-4A41-9013-5A830EB7CBE4,/home/p163v/histopathology/UKHD_Neuro/RetCLL_Features/AD761B99-472B-4A41-9013-5A830EB7CBE4.h5,71
41,E7339AD6-E674-4D6C-937D-9694D02138C6,/home/p163v/histopathology/UKHD_Neuro/RetCLL_Features/E7339AD6-E674-4D6C-937D-9694D02138C6.h5,3296
42,EB7DCFE3-8E7F-4FF2-9CF9-C1AC9E300CC2,/home/p163v/histopathology/UKHD_Neuro/RetCLL_Features/EB7DCFE3-8E7F-4FF2-9CF9-C1AC9E300CC2.h5,2423
43,665E2F68-676D-4ED7-BB61-D5554F0CFBD3,/home/p163v/histopathology/UKHD_Neuro/RetCLL_Features/665E2F68-676D-4ED7-BB61-D5554F0CFBD3.h5,2180
44,05577087-2202-4869-823A-D174329AADF6,/home/p163v/histopathology/UKHD_Neuro/RetCLL_Features/05577087-2202-4869-823A-D174329AADF6.h5,9302
45,EE0B98A3-9693-46FF-8926-ECE7CE7A17A2,/home/p163v/histopathology/UKHD_Neuro/RetCLL_Features/EE0B98A3-9693-46FF-8926-ECE7CE7A17A2.h5,11220
46,99A9CFD8-C8F8-4048-AFAE-EAF54B3793F4,/home/p163v/histopathology/UKHD_Neuro/RetCLL_Features/99A9CFD8-C8F8-4048-AFAE-EAF54B3793F4.h5,4610
47,EBA58000-2BBE-4393-A8A0-21AF52832B50,/home/p163v/histopathology/UKHD_Neuro/RetCLL_Features/EBA58000-2BBE-4393-A8A0-21AF52832B50.h5,7458
48,C57A0748-9444-415E-B78D-1B45B0CD03E5,/home/p163v/histopathology/UKHD_Neuro/RetCLL_Features/C57A0748-9444-415E-B78D-1B45B0CD03E5.h5,9360
49,21C991A1-5AC4-462A-AFE5-D296DF819030,/home/p163v/histopathology/UKHD_Neuro/RetCLL_Features/21C991A1-5AC4-462A-AFE5-D296DF819030.h5,9338
50,4CB62E2D-48AA-4390-B5C0-2126E101E882,/home/p163v/histopathology/UKHD_Neuro/RetCLL_Features/4CB62E2D-48AA-4390-B5C0-2126E101E882.h5,1952
51,A2F240C5-54D0-4442-A95E-194B7EE77DA8,/home/p163v/histopathology/UKHD_Neuro/RetCLL_Features/A2F240C5-54D0-4442-A95E-194B7EE77DA8.h5,4838
52,B0E04096-11F5-4B1A-9F1B-E67B8B33F0FF,/home/p163v/histopathology/UKHD_Neuro/RetCLL_Features/B0E04096-11F5-4B1A-9F1B-E67B8B33F0FF.h5,1811
53,3950B489-D180-406B-B042-6765DCC99878,/home/p163v/histopathology/UKHD_Neuro/RetCLL_Features/3950B489-D180-406B-B042-6765DCC99878.h5,3081
54,5E39DDB4-D209-440D-A192-F74683D50C7F,/home/p163v/histopathology/UKHD_Neuro/RetCLL_Features/5E39DDB4-D209-440D-A192-F74683D50C7F.h5,226
55,85823450-E74A-4960-975D-B00C41A3BFD0,/home/p163v/histopathology/UKHD_Neuro/RetCLL_Features/85823450-E74A-4960-975D-B00C41A3BFD0.h5,11978
56,AFAA28D3-0DDA-4E9A-8704-C585BAA72E10,/home/p163v/histopathology/UKHD_Neuro/RetCLL_Features/AFAA28D3-0DDA-4E9A-8704-C585BAA72E10.h5,1028
57,F17764F3-14E4-4007-83F1-D27B4EF2E918,/home/p163v/histopathology/UKHD_Neuro/RetCLL_Features/F17764F3-14E4-4007-83F1-D27B4EF2E918.h5,5015
58,FF3B366F-535B-43AB-8C12-FE16E4F3BEA2,/home/p163v/histopathology/UKHD_Neuro/RetCLL_Features/FF3B366F-535B-43AB-8C12-FE16E4F3BEA2.h5,5287
59,4DC650EE-CDA0-4D70-BED0-3666AAD03AF8,/home/p163v/histopathology/UKHD_Neuro/RetCLL_Features/4DC650EE-CDA0-4D70-BED0-3666AAD03AF8.h5,1145
60,69D3E594-B949-4CC7-A42F-2080B92FF27E,/home/p163v/histopathology/UKHD_Neuro/RetCLL_Features/69D3E594-B949-4CC7-A42F-2080B92FF27E.h5,6193
